-- phpMyAdmin SQL Dump
-- version 5.2.1
-- https://www.phpmyadmin.net/
--
-- Host: localhost
-- Generation Time: Jan 26, 2026 at 05:28 AM
-- Server version: 10.4.32-MariaDB
-- PHP Version: 8.2.12

SET SQL_MODE = "NO_AUTO_VALUE_ON_ZERO";
START TRANSACTION;
SET time_zone = "+00:00";


/*!40101 SET @OLD_CHARACTER_SET_CLIENT=@@CHARACTER_SET_CLIENT */;
/*!40101 SET @OLD_CHARACTER_SET_RESULTS=@@CHARACTER_SET_RESULTS */;
/*!40101 SET @OLD_COLLATION_CONNECTION=@@COLLATION_CONNECTION */;
/*!40101 SET NAMES utf8mb4 */;

--
-- Database: `utility_billing_system`
--

-- --------------------------------------------------------

--
-- Table structure for table `admin`
--

CREATE TABLE `admin` (
  `AdminID` int(11) NOT NULL,
  `FirstName` varchar(50) NOT NULL,
  `LastName` varchar(50) NOT NULL,
  `Email` varchar(100) NOT NULL,
  `Password` varchar(255) NOT NULL,
  `Status` enum('active','inactive') DEFAULT 'active',
  `LastLogin` datetime DEFAULT NULL,
  `CreatedAt` timestamp NOT NULL DEFAULT current_timestamp()
) ENGINE=InnoDB DEFAULT CHARSET=utf8mb4 COLLATE=utf8mb4_general_ci;

--
-- Dumping data for table `admin`
--

INSERT INTO `admin` (`AdminID`, `FirstName`, `LastName`, `Email`, `Password`, `Status`, `LastLogin`, `CreatedAt`) VALUES
(1, 'Admin', 'User', 'admin@example.com', '$2y$10$92IXUNpkjO0rOQ5byMi.Ye4oKoEa3Ro9llC/.og/at2.uheWG/igi', 'active', '2025-12-14 00:44:48', '2025-10-07 15:31:39');

-- --------------------------------------------------------

--
-- Table structure for table `adminlogs`
--

CREATE TABLE `adminlogs` (
  `LogID` int(11) NOT NULL,
  `AdminID` int(11) DEFAULT NULL,
  `Action` text NOT NULL,
  `IPAddress` varchar(50) DEFAULT NULL,
  `Timestamp` timestamp NOT NULL DEFAULT current_timestamp()
) ENGINE=InnoDB DEFAULT CHARSET=utf8mb4 COLLATE=utf8mb4_general_ci;

--
-- Dumping data for table `adminlogs`
--

INSERT INTO `adminlogs` (`LogID`, `AdminID`, `Action`, `IPAddress`, `Timestamp`) VALUES
(1, 1, 'Admin logged in', '::1', '2025-10-09 05:24:01'),
(2, 1, 'Admin logged in', '::1', '2025-10-09 20:28:58'),
(3, 1, 'Admin logged in', '::1', '2025-10-10 23:35:07'),
(4, 1, 'Admin logged in', '::1', '2025-10-18 10:59:26'),
(5, 1, 'Updated consumer: michaela cristobal (ID: 2)', '::1', '2025-10-18 11:14:37'),
(6, 1, 'Updated consumer: michaela mia (ID: 2)', '::1', '2025-10-19 12:37:31'),
(7, 1, 'Admin logged in', '::1', '2025-10-19 12:39:10'),
(8, 1, 'Updated reader: lucas vesquiza (ID: 1)', '::1', '2025-10-19 13:50:31'),
(9, 1, 'Admin logged in', '::1', '2025-10-19 16:18:44'),
(10, 1, 'Admin logged in', '::1', '2025-10-20 00:50:55'),
(11, 1, 'Admin logged in', '::1', '2025-10-20 03:08:09'),
(12, 1, 'Admin logged in', '::1', '2025-10-20 03:21:32'),
(13, 1, 'Updated consumer: Maria Liza Alforque (ID: 3)', '::1', '2025-10-20 03:21:54'),
(14, 1, 'Admin logged in', '::1', '2025-10-20 12:44:30'),
(15, 1, 'Admin logged in', '::1', '2025-11-04 17:43:19'),
(16, 1, 'Approved consumer (ID: 1)', '::1', '2025-11-04 18:04:50'),
(17, 1, 'Approved consumer (ID: 11)', '::1', '2025-11-05 01:16:03'),
(18, 1, 'Approved consumer (ID: 4)', '::1', '2025-11-05 01:16:05'),
(19, 1, 'Approved consumer (ID: 10)', '::1', '2025-11-05 01:16:08'),
(20, 1, 'Approved consumer (ID: 8)', '::1', '2025-11-05 01:16:09'),
(21, 1, 'Approved consumer (ID: 9)', '::1', '2025-11-05 01:16:11'),
(22, 1, 'Admin logged in', '::1', '2025-11-07 14:46:46'),
(23, 1, 'Approved consumer (ID: 12)', '::1', '2025-11-12 01:52:56'),
(24, 1, 'Admin logged in', '::1', '2025-11-13 14:30:30'),
(25, 1, 'Approved consumer (ID: 14)', '::1', '2025-11-13 17:20:47'),
(26, 1, 'Approved consumer (ID: 17)', '::1', '2025-11-14 03:28:03'),
(27, 1, 'Updated consumer: Maria Liza Alforque (ID: 3)', '::1', '2025-11-14 23:03:55'),
(28, 1, 'Admin logged in', '::1', '2025-11-15 06:25:47'),
(29, 1, 'Approved consumer (ID: 19)', '127.0.0.1', '2025-12-03 05:29:26'),
(30, 1, 'Admin logged in', '127.0.0.1', '2025-12-03 23:30:32'),
(31, 1, 'Updated consumer: lux acadia (ID: 19)', '127.0.0.1', '2025-12-04 02:22:50'),
(32, 1, 'Approved consumer (ID: 13)', '127.0.0.1', '2025-12-04 04:23:58'),
(33, 1, 'Approved consumer (ID: 15)', '127.0.0.1', '2025-12-04 04:24:10'),
(34, 1, 'Approved consumer (ID: 16)', '127.0.0.1', '2025-12-04 04:24:26'),
(35, 1, 'Admin logged in', '127.0.0.1', '2025-12-13 16:44:48');

-- --------------------------------------------------------

--
-- Table structure for table `billingstatement`
--

CREATE TABLE `billingstatement` (
  `BillingID` int(11) NOT NULL,
  `MeterID` int(11) NOT NULL,
  `BillingPeriod` varchar(50) NOT NULL,
  `BillingDate` date NOT NULL,
  `DueDate` date NOT NULL,
  `PreviousReading` decimal(10,2) NOT NULL,
  `CurrentReading` decimal(10,2) NOT NULL,
  `Consumption` decimal(10,2) NOT NULL,
  `RatePerUnit` decimal(10,2) NOT NULL,
  `FixedCharge` decimal(10,2) DEFAULT 0.00,
  `TaxRate` decimal(5,2) DEFAULT 0.00,
  `TaxAmount` decimal(10,2) DEFAULT 0.00,
  `TotalAmount` decimal(10,2) NOT NULL,
  `PaymentStatus` enum('paid','unpaid','overdue') DEFAULT 'unpaid',
  `PaymentDate` datetime DEFAULT NULL,
  `CreatedAt` timestamp NOT NULL DEFAULT current_timestamp()
) ENGINE=InnoDB DEFAULT CHARSET=utf8mb4 COLLATE=utf8mb4_general_ci;

--
-- Dumping data for table `billingstatement`
--

INSERT INTO `billingstatement` (`BillingID`, `MeterID`, `BillingPeriod`, `BillingDate`, `DueDate`, `PreviousReading`, `CurrentReading`, `Consumption`, `RatePerUnit`, `FixedCharge`, `TaxRate`, `TaxAmount`, `TotalAmount`, `PaymentStatus`, `PaymentDate`, `CreatedAt`) VALUES
(1, 4, 'November 2025', '2025-11-10', '2025-11-25', 8880.00, 8900.00, 20.00, 2.30, 30.00, 0.12, 5.52, 81.52, 'unpaid', NULL, '2025-11-09 22:02:12'),
(2, 4, 'November 2025', '2025-11-10', '2025-11-25', 8900.00, 8950.00, 50.00, 2.30, 30.00, 0.12, 13.80, 158.80, 'unpaid', NULL, '2025-11-10 06:11:35'),
(3, 4, 'November 2025', '2025-11-10', '2025-11-25', 8950.00, 8960.00, 10.00, 2.30, 30.00, 0.12, 2.76, 55.76, 'unpaid', NULL, '2025-11-10 06:11:35'),
(4, 4, 'November 2025', '2025-11-10', '2025-11-25', 8960.00, 8970.00, 10.00, 2.30, 30.00, 0.12, 2.76, 55.76, 'unpaid', NULL, '2025-11-10 06:11:35'),
(5, 4, 'November 2025', '2025-11-10', '2025-11-25', 8970.00, 8990.00, 20.00, 2.30, 30.00, 0.12, 5.52, 81.52, 'unpaid', NULL, '2025-11-10 06:13:52'),
(6, 4, 'November 2025', '2025-11-10', '2025-11-25', 9060.00, 9100.00, 40.00, 2.30, 30.00, 0.12, 11.04, 133.04, 'unpaid', NULL, '2025-11-10 06:20:28'),
(7, 5, 'November 2025', '2025-11-13', '2025-11-28', 750.00, 800.00, 50.00, 2.30, 30.00, 0.12, 13.80, 158.80, 'paid', NULL, '2025-11-13 14:50:14'),
(8, 6, 'November 2025', '2025-11-14', '2025-11-29', 1150.00, 1200.00, 50.00, 2.30, 30.00, 0.12, 13.80, 158.80, 'unpaid', NULL, '2025-11-13 18:23:14'),
(9, 6, 'November 2025', '2025-11-14', '2025-11-29', 1200.00, 1250.00, 50.00, 2.30, 30.00, 0.12, 13.80, 158.80, 'unpaid', NULL, '2025-11-13 18:27:13'),
(10, 6, 'November 2025', '2025-11-14', '2025-11-29', 1250.00, 1300.00, 50.00, 2.30, 30.00, 0.12, 13.80, 158.80, 'unpaid', NULL, '2025-11-13 18:40:01'),
(11, 6, 'November 2025', '2025-11-14', '2025-11-29', 1300.00, 1350.00, 50.00, 2.30, 30.00, 0.12, 13.80, 158.80, 'unpaid', NULL, '2025-11-13 18:40:29'),
(12, 6, 'November 2025', '2025-11-14', '2025-11-29', 1350.00, 1400.00, 50.00, 2.30, 30.00, 0.12, 13.80, 158.80, 'unpaid', NULL, '2025-11-13 18:54:30'),
(13, 6, 'November 2025', '2025-11-14', '2025-11-29', 1400.00, 1450.00, 50.00, 2.30, 30.00, 0.12, 13.80, 158.80, 'unpaid', NULL, '2025-11-13 18:59:43'),
(14, 6, 'November 2025', '2025-11-14', '2025-11-29', 1450.00, 1500.00, 50.00, 2.30, 30.00, 0.12, 13.80, 158.80, 'unpaid', NULL, '2025-11-13 19:04:22'),
(15, 6, 'November 2025', '2025-11-14', '2025-11-29', 1500.00, 1550.00, 50.00, 2.30, 30.00, 0.12, 13.80, 158.80, 'unpaid', NULL, '2025-11-13 19:07:42'),
(16, 6, 'November 2025', '2025-11-14', '2025-11-29', 1550.00, 1600.00, 50.00, 2.30, 30.00, 0.12, 13.80, 158.80, 'unpaid', NULL, '2025-11-13 19:18:40'),
(17, 6, 'November 2025', '2025-11-14', '2025-11-29', 1600.00, 1650.00, 50.00, 2.30, 30.00, 0.12, 13.80, 158.80, 'unpaid', NULL, '2025-11-13 19:24:55'),
(18, 6, 'November 2025', '2025-11-14', '2025-11-29', 1650.00, 1700.00, 50.00, 2.30, 30.00, 0.12, 13.80, 158.80, 'unpaid', NULL, '2025-11-13 19:27:19'),
(19, 6, 'November 2025', '2025-11-14', '2025-11-29', 1700.00, 1750.00, 50.00, 2.30, 30.00, 0.12, 13.80, 158.80, 'unpaid', NULL, '2025-11-13 19:33:39'),
(20, 6, 'November 2025', '2025-11-14', '2025-11-29', 1750.00, 1800.00, 50.00, 2.30, 30.00, 0.12, 13.80, 158.80, 'unpaid', NULL, '2025-11-13 19:35:49'),
(21, 6, 'November 2025', '2025-11-14', '2025-11-29', 1800.00, 1820.00, 20.00, 2.30, 30.00, 0.12, 5.52, 81.52, 'unpaid', NULL, '2025-11-13 19:38:06'),
(22, 6, 'November 2025', '2025-11-14', '2025-11-29', 1820.00, 1850.00, 30.00, 2.30, 30.00, 0.12, 8.28, 107.28, 'unpaid', NULL, '2025-11-13 19:41:24'),
(23, 6, 'November 2025', '2025-11-14', '2025-11-29', 1850.00, 1890.00, 40.00, 2.30, 30.00, 0.12, 11.04, 133.04, 'unpaid', NULL, '2025-11-13 19:43:09'),
(24, 6, 'November 2025', '2025-11-14', '2025-11-29', 1890.00, 1920.00, 30.00, 2.30, 30.00, 0.12, 8.28, 107.28, 'unpaid', NULL, '2025-11-13 19:45:06'),
(25, 6, 'November 2025', '2025-11-14', '2025-11-29', 1920.00, 1950.00, 30.00, 2.30, 30.00, 0.12, 8.28, 107.28, 'unpaid', NULL, '2025-11-13 19:47:54'),
(26, 6, 'November 2025', '2025-11-14', '2025-11-29', 1950.00, 1980.00, 30.00, 2.30, 30.00, 0.12, 8.28, 107.28, 'unpaid', NULL, '2025-11-13 19:52:21'),
(27, 6, 'November 2025', '2025-11-14', '2025-11-29', 1980.00, 2000.00, 20.00, 2.30, 30.00, 0.12, 5.52, 81.52, 'unpaid', NULL, '2025-11-13 19:53:37'),
(28, 6, 'November 2025', '2025-11-14', '2025-11-29', 2000.00, 2200.00, 200.00, 2.30, 30.00, 0.12, 55.20, 545.20, 'unpaid', NULL, '2025-11-13 19:56:39'),
(29, 6, 'November 2025', '2025-11-14', '2025-11-29', 2200.00, 2300.00, 100.00, 2.30, 30.00, 0.12, 27.60, 287.60, 'unpaid', NULL, '2025-11-13 19:58:21'),
(30, 6, 'November 2025', '2025-11-14', '2025-11-29', 2300.00, 2500.00, 200.00, 2.30, 30.00, 0.12, 55.20, 545.20, 'unpaid', NULL, '2025-11-13 21:38:29'),
(31, 5, 'November 2025', '2025-11-14', '2025-11-29', 800.00, 900.00, 100.00, 2.30, 30.00, 0.12, 27.60, 287.60, 'unpaid', NULL, '2025-11-13 22:07:19'),
(32, 5, 'November 2025', '2025-11-14', '2025-11-29', 900.00, 1050.00, 150.00, 2.30, 30.00, 0.12, 41.40, 416.40, 'unpaid', NULL, '2025-11-13 22:15:10'),
(33, 5, 'November 2025', '2025-11-14', '2025-11-29', 1050.00, 1200.00, 150.00, 2.30, 30.00, 0.12, 41.40, 416.40, 'unpaid', NULL, '2025-11-13 22:20:46'),
(34, 5, 'November 2025', '2025-11-14', '2025-11-29', 1200.00, 1300.00, 100.00, 2.30, 30.00, 0.12, 27.60, 287.60, 'unpaid', NULL, '2025-11-13 22:21:29'),
(35, 5, 'November 2025', '2025-11-14', '2025-11-29', 1300.00, 1400.00, 100.00, 2.30, 30.00, 0.12, 27.60, 287.60, 'unpaid', NULL, '2025-11-13 22:23:57'),
(36, 5, 'November 2025', '2025-11-14', '2025-11-29', 1400.00, 1500.00, 100.00, 2.30, 30.00, 0.12, 27.60, 287.60, 'unpaid', NULL, '2025-11-13 22:30:57'),
(37, 5, 'November 2025', '2025-11-14', '2025-11-29', 1500.00, 1600.00, 100.00, 2.30, 30.00, 0.12, 27.60, 287.60, 'unpaid', NULL, '2025-11-13 22:31:19'),
(38, 5, 'November 2025', '2025-11-14', '2025-11-29', 1600.00, 1800.00, 200.00, 2.30, 30.00, 0.12, 55.20, 545.20, 'unpaid', NULL, '2025-11-13 22:41:08'),
(39, 5, 'November 2025', '2025-11-14', '2025-11-29', 1800.00, 1900.00, 100.00, 2.30, 30.00, 0.12, 27.60, 287.60, 'unpaid', NULL, '2025-11-13 23:15:20'),
(40, 5, 'November 2025', '2025-11-14', '2025-11-29', 1900.00, 2000.00, 100.00, 2.30, 30.00, 0.12, 27.60, 287.60, 'unpaid', NULL, '2025-11-13 23:19:33'),
(41, 7, 'November 2025', '2025-11-14', '2025-11-29', 600.00, 700.00, 100.00, 2.30, 30.00, 0.12, 27.60, 287.60, 'unpaid', NULL, '2025-11-14 03:50:39'),
(42, 7, 'November 2025', '2025-11-14', '2025-11-29', 600.00, 800.00, 200.00, 2.30, 30.00, 0.12, 55.20, 545.20, 'unpaid', NULL, '2025-11-14 04:09:52'),
(43, 7, 'November 2025', '2025-11-14', '2025-11-29', 800.00, 900.00, 100.00, 2.30, 30.00, 0.12, 27.60, 287.60, 'unpaid', NULL, '2025-11-14 04:11:45'),
(44, 7, 'November 2025', '2025-11-14', '2025-11-29', 900.00, 1000.00, 100.00, 2.30, 30.00, 0.12, 27.60, 287.60, 'unpaid', NULL, '2025-11-14 04:16:50'),
(45, 7, 'November 2025', '2025-11-14', '2025-11-29', 1000.00, 1050.00, 50.00, 2.30, 30.00, 0.12, 13.80, 158.80, 'unpaid', NULL, '2025-11-14 04:18:38'),
(46, 7, 'November 2025', '2025-11-14', '2025-11-29', 1050.00, 1100.00, 50.00, 2.30, 30.00, 0.12, 13.80, 158.80, 'unpaid', NULL, '2025-11-14 04:20:41'),
(47, 7, 'November 2025', '2025-11-14', '2025-11-29', 1100.00, 1200.00, 100.00, 2.30, 30.00, 0.12, 27.60, 287.60, 'unpaid', NULL, '2025-11-14 04:27:51'),
(48, 7, 'November 2025', '2025-11-14', '2025-11-29', 1200.00, 1230.00, 30.00, 2.30, 30.00, 0.12, 8.28, 107.28, 'unpaid', NULL, '2025-11-14 04:30:05'),
(49, 7, 'November 2025', '2025-11-14', '2025-11-29', 1230.00, 1300.00, 70.00, 2.30, 30.00, 0.12, 19.32, 210.32, 'unpaid', NULL, '2025-11-14 04:43:08'),
(50, 7, 'November 2025', '2025-11-14', '2025-11-29', 1230.00, 1300.00, 70.00, 2.30, 30.00, 0.12, 19.32, 210.32, 'unpaid', NULL, '2025-11-14 04:47:11'),
(51, 7, 'November 2025', '2025-11-14', '2025-11-29', 1300.00, 1350.00, 50.00, 2.30, 30.00, 0.12, 13.80, 158.80, 'unpaid', NULL, '2025-11-14 04:51:16'),
(52, 7, 'November 2025', '2025-11-14', '2025-11-29', 1230.00, 1300.00, 70.00, 2.30, 30.00, 0.12, 19.32, 210.32, 'unpaid', NULL, '2025-11-14 04:52:35'),
(53, 7, 'November 2025', '2025-11-14', '2025-11-29', 600.00, 650.00, 50.00, 2.30, 30.00, 0.12, 13.80, 158.80, 'unpaid', NULL, '2025-11-14 06:21:24'),
(54, 7, 'November 2025', '2025-11-14', '2025-11-29', 650.00, 650.00, 0.00, 2.30, 30.00, 0.12, 0.00, 30.00, 'unpaid', NULL, '2025-11-14 06:23:16'),
(55, 7, 'November 2025', '2025-11-14', '2025-11-29', 650.00, 680.00, 30.00, 2.30, 30.00, 0.12, 8.28, 107.28, 'unpaid', NULL, '2025-11-14 06:29:34'),
(56, 7, 'November 2025', '2025-11-14', '2025-11-29', 680.00, 700.00, 20.00, 2.30, 30.00, 0.12, 5.52, 81.52, 'unpaid', NULL, '2025-11-14 06:30:28'),
(57, 7, 'November 2025', '2025-11-14', '2025-11-29', 1300.00, 1400.00, 100.00, 2.30, 30.00, 0.12, 27.60, 287.60, 'unpaid', NULL, '2025-11-14 06:57:54'),
(58, 7, 'November 2025', '2025-11-14', '2025-11-29', 1400.00, 1500.00, 100.00, 2.30, 30.00, 0.12, 27.60, 287.60, 'unpaid', NULL, '2025-11-14 07:00:15'),
(59, 7, 'November 2025', '2025-11-14', '2025-11-29', 1500.00, 1600.00, 100.00, 2.30, 30.00, 0.12, 27.60, 287.60, 'unpaid', NULL, '2025-11-14 07:02:36'),
(60, 7, 'November 2025', '2025-11-14', '2025-11-29', 1600.00, 1700.00, 100.00, 2.30, 30.00, 0.12, 27.60, 287.60, 'unpaid', NULL, '2025-11-14 07:06:51'),
(61, 7, 'November 2025', '2025-11-14', '2025-11-29', 1700.00, 1800.00, 100.00, 2.30, 30.00, 0.12, 27.60, 287.60, 'unpaid', NULL, '2025-11-14 07:09:34'),
(62, 7, 'November 2025', '2025-11-14', '2025-11-29', 1800.00, 1900.00, 100.00, 2.30, 30.00, 0.12, 27.60, 287.60, 'unpaid', NULL, '2025-11-14 07:42:03'),
(63, 7, 'November 2025', '2025-11-14', '2025-11-29', 1900.00, 2000.00, 100.00, 2.30, 30.00, 0.12, 27.60, 287.60, 'unpaid', NULL, '2025-11-14 07:42:53'),
(64, 7, 'November 2025', '2025-11-14', '2025-11-29', 2000.00, 2100.00, 100.00, 2.30, 30.00, 0.12, 27.60, 287.60, 'unpaid', NULL, '2025-11-14 07:45:43'),
(65, 7, 'November 2025', '2025-11-14', '2025-11-29', 2100.00, 2200.00, 100.00, 2.30, 30.00, 0.12, 27.60, 287.60, 'unpaid', NULL, '2025-11-14 07:47:05'),
(66, 7, 'November 2025', '2025-11-14', '2025-11-29', 2200.00, 2300.00, 100.00, 2.30, 30.00, 0.12, 27.60, 287.60, 'paid', NULL, '2025-11-14 07:48:50'),
(67, 7, 'November 2025', '2025-11-14', '2025-11-29', 2800.00, 3000.00, 200.00, 2.30, 30.00, 0.12, 55.20, 545.20, 'paid', NULL, '2025-11-14 08:00:21'),
(68, 7, 'November 2025', '2025-11-14', '2025-11-29', 3500.00, 3600.00, 100.00, 2.30, 30.00, 0.12, 27.60, 287.60, 'unpaid', NULL, '2025-11-14 08:27:55'),
(69, 6, 'November 2025', '2025-11-14', '2025-11-29', 750.00, 850.00, 100.00, 2.30, 30.00, 0.12, 27.60, 287.60, 'unpaid', NULL, '2025-11-14 10:00:38'),
(70, 6, 'November 2025', '2025-11-14', '2025-11-29', 850.00, 960.00, 110.00, 2.30, 30.00, 0.12, 30.36, 313.36, 'unpaid', NULL, '2025-11-14 10:02:08'),
(71, 6, 'November 2025', '2025-11-14', '2025-11-29', 960.00, 1050.00, 90.00, 2.30, 30.00, 0.12, 24.84, 261.84, 'unpaid', NULL, '2025-11-14 10:03:55'),
(72, 6, 'November 2025', '2025-11-14', '2025-11-29', 1500.00, 1600.00, 100.00, 2.30, 30.00, 0.12, 27.60, 287.60, 'unpaid', NULL, '2025-11-14 10:17:13'),
(73, 6, 'November 2025', '2025-11-14', '2025-11-29', 1500.00, 1600.00, 100.00, 2.30, 30.00, 0.12, 27.60, 287.60, 'unpaid', NULL, '2025-11-14 10:23:33'),
(74, 6, 'November 2025', '2025-11-14', '2025-11-29', 1500.00, 1600.00, 100.00, 2.30, 30.00, 0.12, 27.60, 287.60, 'unpaid', NULL, '2025-11-14 10:25:14'),
(75, 6, 'November 2025', '2025-11-14', '2025-11-29', 1500.00, 1600.00, 100.00, 2.30, 30.00, 0.12, 27.60, 287.60, 'unpaid', NULL, '2025-11-14 10:28:39'),
(76, 6, 'November 2025', '2025-11-14', '2025-11-29', 1500.00, 1600.00, 100.00, 2.30, 30.00, 0.12, 27.60, 287.60, 'unpaid', NULL, '2025-11-14 10:29:15'),
(77, 6, 'November 2025', '2025-11-14', '2025-11-29', 1500.00, 1600.00, 100.00, 2.30, 30.00, 0.12, 27.60, 287.60, 'unpaid', NULL, '2025-11-14 10:34:46'),
(78, 6, 'November 2025', '2025-11-14', '2025-11-29', 1500.00, 1600.00, 100.00, 2.30, 30.00, 0.12, 27.60, 287.60, 'unpaid', NULL, '2025-11-14 10:40:24'),
(79, 6, 'November 2025', '2025-11-14', '2025-11-29', 1500.00, 1600.00, 100.00, 2.30, 30.00, 0.12, 27.60, 287.60, 'unpaid', NULL, '2025-11-14 10:44:14'),
(80, 4, 'November 2025', '2025-11-14', '2025-11-29', 8870.00, 9000.00, 130.00, 2.30, 30.00, 0.12, 35.88, 364.88, 'unpaid', NULL, '2025-11-14 10:47:01'),
(81, 7, 'November 2025', '2025-11-14', '2025-11-29', 600.00, 700.00, 100.00, 2.30, 30.00, 0.12, 27.60, 287.60, 'unpaid', NULL, '2025-11-14 13:42:53'),
(82, 5, 'November 2025', '2025-11-14', '2025-11-29', 750.00, 800.00, 50.00, 2.30, 30.00, 0.12, 13.80, 158.80, 'unpaid', NULL, '2025-11-14 21:09:27'),
(83, 6, 'November 2025', '2025-11-15', '2025-11-30', 750.00, 890.00, 140.00, 2.30, 30.00, 0.12, 38.64, 390.64, 'paid', NULL, '2025-11-14 23:20:10'),
(84, 6, 'November 2025', '2025-11-15', '2025-11-30', 890.00, 1000.00, 110.00, 2.30, 30.00, 0.12, 30.36, 313.36, 'unpaid', NULL, '2025-11-14 23:48:32'),
(85, 6, 'November 2025', '2025-11-15', '2025-11-30', 1000.00, 1500.00, 500.00, 2.30, 30.00, 0.12, 138.00, 1318.00, 'paid', NULL, '2025-11-14 23:55:38'),
(86, 7, 'November 2025', '2025-11-15', '2025-11-30', 600.00, 650.00, 50.00, 2.30, 30.00, 0.12, 13.80, 158.80, 'unpaid', NULL, '2025-11-15 06:25:10'),
(87, 4, 'November 2025', '2025-11-15', '2025-11-30', 8870.00, 8875.00, 5.00, 2.30, 30.00, 0.12, 1.38, 42.88, 'unpaid', NULL, '2025-11-15 06:26:43'),
(88, 5, 'November 2025', '2025-11-15', '2025-11-30', 750.00, 850.00, 100.00, 2.30, 30.00, 0.12, 27.60, 287.60, 'unpaid', NULL, '2025-11-15 06:30:21'),
(89, 6, 'November 2025', '2025-11-15', '2025-11-30', 750.00, 755.00, 5.00, 2.30, 30.00, 0.12, 1.38, 42.88, 'unpaid', NULL, '2025-11-15 06:31:13'),
(90, 7, 'November 2025', '2025-11-15', '2025-11-30', 600.00, 900.00, 300.00, 2.30, 30.00, 0.12, 82.80, 802.80, 'unpaid', NULL, '2025-11-15 06:31:59'),
(91, 6, 'November 2025', '2025-11-15', '2025-11-30', 750.00, 800.00, 50.00, 2.30, 30.00, 0.12, 13.80, 158.80, 'unpaid', NULL, '2025-11-15 06:32:41'),
(92, 6, 'November 2025', '2025-11-15', '2025-11-30', 750.00, 850.00, 100.00, 2.30, 30.00, 0.12, 27.60, 287.60, 'overdue', NULL, '2025-11-15 08:35:02');

-- --------------------------------------------------------

--
-- Table structure for table `consumer`
--

CREATE TABLE `consumer` (
  `ConsumerID` int(11) NOT NULL,
  `AccountNo` varchar(50) DEFAULT NULL,
  `FirstName` varchar(50) NOT NULL,
  `LastName` varchar(50) NOT NULL,
  `Email` varchar(100) NOT NULL,
  `ContactNumber` varchar(20) NOT NULL,
  `Address` text NOT NULL,
  `Password` varchar(255) NOT NULL,
  `Status` enum('active','inactive','pending') DEFAULT 'pending',
  `BillingPreference` enum('paper','mobile_app') NOT NULL DEFAULT 'paper',
  `PreviousBillImage` varchar(255) DEFAULT NULL,
  `AppNotificationToken` varchar(255) DEFAULT NULL,
  `RegistrationDate` timestamp NOT NULL DEFAULT current_timestamp()
) ENGINE=InnoDB DEFAULT CHARSET=utf8mb4 COLLATE=utf8mb4_general_ci;

--
-- Dumping data for table `consumer`
--

INSERT INTO `consumer` (`ConsumerID`, `AccountNo`, `FirstName`, `LastName`, `Email`, `ContactNumber`, `Address`, `Password`, `Status`, `BillingPreference`, `PreviousBillImage`, `AppNotificationToken`, `RegistrationDate`) VALUES
(1, 'R1341', 'jed angelo', 'manubag', 'jedangelo@gmail.com', '09945830992', 'bahayan', '$2y$10$px8Lq1SBS6bU5pAjXk1VI.nOyI1VCChTAPmqQhGv9UM8Do0yqiU2G', 'active', 'mobile_app', NULL, NULL, '2025-10-18 10:58:13'),
(2, 'R1342', 'michaela', 'mia', 'michaelacristobal1998@gmail.com', '09976075691', 'Tambacan', '$2y$10$mYtTwfbsyVSabjJ5hGHkP../wb1oxhXoWxopUR9Ve7IcU13nyQDpq', 'active', 'mobile_app', NULL, NULL, '2025-10-18 11:03:58'),
(3, 'R1343', 'Maria Liza', 'Alforque', 'liza.alforque113@gmail.com', '09659466773', '31 street Purok Falcata Hills, Tubod Iligan City', '$2y$10$SuecP0Epp1Jkavfb.9m/nupvkbYPZovWDyliL1Yw4SpVasJT4Kf7i', 'active', 'paper', NULL, NULL, '2025-10-20 03:19:55'),
(4, 'C1400', 'basilia', 'pila', 'null', 'nulll', 'Tominobo', 'password', 'active', 'mobile_app', NULL, NULL, '2025-11-04 23:43:47'),
(8, 'C1096', 'Manuel', 'Robinson', 'manuelrobinson@gmail.com', 'null', 'Tominobo, Hi-way', 'password', 'active', 'mobile_app', NULL, NULL, '2025-11-04 23:54:30'),
(9, 'C1415', 'Elenita', 'Rivera', 'elenitarivera@gmail.com', 'null', 'Pk15, Tomas Cabili-alejo sade', 'password', 'active', 'mobile_app', NULL, NULL, '2025-11-04 23:54:30'),
(10, 'C3265', 'Mary', 'Yaneza', 'Maryyaneza@gmail.com', 'null', 'Purok-15A Masinag Tomas Cabili', 'password', 'active', 'mobile_app', NULL, NULL, '2025-11-05 01:14:33'),
(11, 'C3257', 'Mary Jane', 'Yaneza', 'Maryjaneyaneza@gmail.com', 'null', 'Purok-15A Masinag Subdivision Tomas Cabili', 'password', 'active', 'mobile_app', NULL, NULL, '2025-11-05 01:14:33'),
(12, 'C1573', 'angelou', 'oyan', 'angelou.oyan@gmail.com', '09945831994', 'purok 8, bahayan village, upper hinaplanon, iligan city', '$2y$10$TNuvQjIjnu8BZaVmbObyVOWToTPhB1xEEazy56h1GsJj/5JrhhQse', 'active', 'mobile_app', NULL, NULL, '2025-11-12 01:52:28'),
(13, 'C1547', 'barry', 'ortega', 'barry.ortega@gmail.com', '099451123122', 'tubod, iligan city', '$2y$10$B6vICleLZ8u0P8MhnYuCUunn44swIMRKG5Y7Y91eL4LLGhpnyEDZa', 'active', 'mobile_app', NULL, NULL, '2025-11-13 15:07:50'),
(14, 'c1982', 'barrybar', 'Ortega', 'barry.ortega192@gmail.com', '09535027305', 'franciscan', '$2y$10$HMJfk4Lbyb5CXS5EIYR4OuTb/KrQ5YDdT3LHmpAhjsyt/y9Fex36G', 'active', 'mobile_app', NULL, NULL, '2025-11-13 17:20:36'),
(15, 'R32881', 'kerniel', 'gocotano', 'kerneil.gocotano@gmail.com', '092325232', 'Baliling, Fuentes', '$2y$10$KTcatUoimAwMxuNSkMyCi.6ddEfHg.yyBaBHbJb04Uaz3t9HLaoCy', 'active', 'mobile_app', NULL, NULL, '2025-11-13 21:27:39'),
(16, 'R11234', 'lumanas', 'angelo', 'angelo.lumanas@gmail.com', '098762555534', 'Tubod, Baraas', '$2y$10$OcwSdGegpNys3M0s2uJCjeHXHkGZL9Iyu/ha.mWqtwEbOeYy9vrAq', 'active', 'mobile_app', NULL, NULL, '2025-11-13 21:34:02'),
(17, 'c1372', 'cliemente', 'vesquiza', 'cliemente.vesquiza@gmail.com', '09945830992', 'Tubod, Iligan City', '$2y$10$JjlE61ezPedgGg.QKFwle.vT1biThIYmYyN96bL8hYo5CVBsxbOR.', 'active', 'mobile_app', NULL, NULL, '2025-11-14 03:27:36'),
(18, 'C12345', 'liza', 'alforque', 'liza.alforque@gmail.com', '09355688730', 'Tubod, Iligan city', '$2y$10$Hhtoc3DJVnCjPq/8tKBKEO8JOIGleTitlTUGUsPcNRBvi0CbfJRqK', 'pending', 'mobile_app', NULL, NULL, '2025-11-15 05:24:43'),
(19, 'c231332123dawd', 'lux', 'acadia', 'luxacadia@gmail.com', '03922948662', 'mapalad sitio', '$2y$10$n4tf8b3kDTVl3/L5c5ILCum50gs.gnnt/vHLpzxNrSi/r3/nu5DgK', 'active', 'mobile_app', 'uploads/previous_bills/1764739200_Untitled.jpeg', NULL, '2025-12-03 05:20:00');

-- --------------------------------------------------------

--
-- Table structure for table `meter`
--

CREATE TABLE `meter` (
  `MeterID` int(11) NOT NULL,
  `ConsumerID` int(11) DEFAULT NULL,
  `Classification` enum('Residential','Commercial','Industrial') NOT NULL,
  `SerialNo` varchar(100) DEFAULT NULL,
  `Area` varchar(100) DEFAULT NULL,
  `InstallationDate` date NOT NULL DEFAULT curdate(),
  `LastReading` decimal(10,2) DEFAULT 0.00,
  `LastReadingDate` datetime DEFAULT NULL,
  `Status` enum('active','inactive','faulty') DEFAULT 'active'
) ENGINE=InnoDB DEFAULT CHARSET=utf8mb4 COLLATE=utf8mb4_general_ci;

--
-- Dumping data for table `meter`
--

INSERT INTO `meter` (`MeterID`, `ConsumerID`, `Classification`, `SerialNo`, `Area`, `InstallationDate`, `LastReading`, `LastReadingDate`, `Status`) VALUES
(1, 2, 'Residential', '0270439', 'bahayan', '2025-10-18', 0.00, NULL, 'active'),
(2, 4, 'Residential', '0270439', 'Tominobo', '0000-00-00', 3945.00, '2025-11-09 07:01:43', 'active'),
(4, 9, 'Residential', 'ICWSA2077', 'Tomas Cabili', '2025-11-07', 8870.00, '2025-11-09 07:00:07', 'active'),
(5, 12, 'Residential', 'ICWSA2087', 'Upper Hinaplanon', '2025-11-13', 750.00, NULL, 'active'),
(6, 14, 'Residential', 'c12315', 'Bagong Silang', '2025-11-14', 750.00, NULL, 'active'),
(7, 17, 'Residential', 'ICWSA2081', 'Tubod', '2025-11-14', 600.00, NULL, 'active');

-- --------------------------------------------------------

--
-- Table structure for table `meterreadingdata`
--

CREATE TABLE `meterreadingdata` (
  `ReadingID` int(11) NOT NULL,
  `MeterID` int(11) NOT NULL,
  `ReaderID` int(11) NOT NULL,
  `PreviousReading` decimal(10,2) NOT NULL,
  `CurrentReading` decimal(10,2) NOT NULL,
  `Consumption` decimal(10,2) NOT NULL,
  `ReadingDate` datetime NOT NULL,
  `Notes` text DEFAULT NULL,
  `Status` enum('pending','approved','rejected') DEFAULT 'pending',
  `CreatedAt` timestamp NOT NULL DEFAULT current_timestamp()
) ENGINE=InnoDB DEFAULT CHARSET=utf8mb4 COLLATE=utf8mb4_general_ci;

--
-- Dumping data for table `meterreadingdata`
--

INSERT INTO `meterreadingdata` (`ReadingID`, `MeterID`, `ReaderID`, `PreviousReading`, `CurrentReading`, `Consumption`, `ReadingDate`, `Notes`, `Status`, `CreatedAt`) VALUES
(1, 4, 1, 8417.00, 8550.00, 133.00, '0000-00-00 00:00:00', NULL, 'pending', '2025-11-08 06:51:58'),
(2, 4, 1, 8417.00, 8690.00, 273.00, '0000-00-00 00:00:00', NULL, 'pending', '2025-11-08 07:17:37'),
(3, 4, 1, 8417.00, 8516.00, 99.00, '2025-11-09 06:18:39', NULL, 'pending', '2025-11-09 05:18:39'),
(4, 4, 1, 8516.00, 8590.00, 74.00, '2025-11-09 06:19:41', NULL, 'pending', '2025-11-09 05:19:41'),
(5, 4, 1, 8590.00, 8620.00, 30.00, '2025-11-09 06:31:15', NULL, 'pending', '2025-11-09 05:31:15'),
(6, 4, 1, 8620.00, 8650.00, 30.00, '2025-11-09 06:33:43', NULL, 'pending', '2025-11-09 05:33:43'),
(12, 4, 1, 8650.00, 8870.00, 220.00, '2025-11-09 07:00:07', NULL, 'pending', '2025-11-09 06:00:07'),
(13, 2, 1, 0.00, 3945.00, 3945.00, '2025-11-09 07:01:43', NULL, 'pending', '2025-11-09 06:01:43'),
(14, 4, 1, 8880.00, 8900.00, 20.00, '2025-11-10 06:02:12', NULL, 'pending', '2025-11-09 22:02:12'),
(15, 4, 1, 8900.00, 8950.00, 50.00, '2025-11-10 14:11:35', NULL, 'pending', '2025-11-10 06:11:35'),
(16, 4, 1, 8950.00, 8960.00, 10.00, '2025-11-10 14:11:35', NULL, 'pending', '2025-11-10 06:11:35'),
(17, 4, 1, 8960.00, 8970.00, 10.00, '2025-11-10 14:11:35', NULL, 'pending', '2025-11-10 06:11:35'),
(18, 4, 1, 8970.00, 8990.00, 20.00, '2025-11-10 14:13:52', NULL, 'pending', '2025-11-10 06:13:52'),
(19, 4, 1, 9060.00, 9100.00, 40.00, '2025-11-10 14:20:28', NULL, 'pending', '2025-11-10 06:20:28'),
(20, 5, 1, 750.00, 800.00, 50.00, '2025-11-13 22:50:14', NULL, 'pending', '2025-11-13 14:50:14'),
(21, 6, 1, 1150.00, 1200.00, 50.00, '2025-11-14 02:23:14', NULL, 'pending', '2025-11-13 18:23:14'),
(22, 6, 1, 1200.00, 1250.00, 50.00, '2025-11-14 02:27:13', NULL, 'pending', '2025-11-13 18:27:13'),
(23, 6, 1, 1250.00, 1300.00, 50.00, '2025-11-14 02:40:01', NULL, 'pending', '2025-11-13 18:40:01'),
(24, 6, 1, 1300.00, 1350.00, 50.00, '2025-11-14 02:40:29', NULL, 'pending', '2025-11-13 18:40:29'),
(25, 6, 1, 1350.00, 1400.00, 50.00, '2025-11-14 02:54:30', NULL, 'pending', '2025-11-13 18:54:30'),
(26, 6, 1, 1400.00, 1450.00, 50.00, '2025-11-14 02:59:43', NULL, 'pending', '2025-11-13 18:59:43'),
(27, 6, 1, 1450.00, 1500.00, 50.00, '2025-11-14 03:04:22', NULL, 'pending', '2025-11-13 19:04:22'),
(28, 6, 1, 1500.00, 1550.00, 50.00, '2025-11-14 03:07:42', NULL, 'pending', '2025-11-13 19:07:42'),
(29, 6, 1, 1550.00, 1600.00, 50.00, '2025-11-14 03:18:40', NULL, 'pending', '2025-11-13 19:18:40'),
(30, 6, 1, 1600.00, 1650.00, 50.00, '2025-11-14 03:24:55', NULL, 'pending', '2025-11-13 19:24:55'),
(31, 6, 1, 1650.00, 1700.00, 50.00, '2025-11-14 03:27:19', NULL, 'pending', '2025-11-13 19:27:19'),
(32, 6, 1, 1700.00, 1750.00, 50.00, '2025-11-14 03:33:39', NULL, 'pending', '2025-11-13 19:33:39'),
(33, 6, 1, 1750.00, 1800.00, 50.00, '2025-11-14 03:35:49', NULL, 'pending', '2025-11-13 19:35:49'),
(34, 6, 1, 1800.00, 1820.00, 20.00, '2025-11-14 03:38:06', NULL, 'pending', '2025-11-13 19:38:06'),
(35, 6, 1, 1820.00, 1850.00, 30.00, '2025-11-14 03:41:24', NULL, 'pending', '2025-11-13 19:41:24'),
(36, 6, 1, 1850.00, 1890.00, 40.00, '2025-11-14 03:43:09', NULL, 'pending', '2025-11-13 19:43:09'),
(37, 6, 1, 1890.00, 1920.00, 30.00, '2025-11-14 03:45:06', NULL, 'pending', '2025-11-13 19:45:06'),
(38, 6, 1, 1920.00, 1950.00, 30.00, '2025-11-14 03:47:54', NULL, 'pending', '2025-11-13 19:47:54'),
(39, 6, 1, 1950.00, 1980.00, 30.00, '2025-11-14 03:52:21', NULL, 'pending', '2025-11-13 19:52:21'),
(40, 6, 1, 1980.00, 2000.00, 20.00, '2025-11-14 03:53:37', NULL, 'pending', '2025-11-13 19:53:37'),
(41, 6, 1, 2000.00, 2200.00, 200.00, '2025-11-14 03:56:39', NULL, 'pending', '2025-11-13 19:56:39'),
(42, 6, 1, 2200.00, 2300.00, 100.00, '2025-11-14 03:58:21', NULL, 'pending', '2025-11-13 19:58:21'),
(43, 6, 1, 2300.00, 2500.00, 200.00, '2025-11-14 05:38:29', NULL, 'pending', '2025-11-13 21:38:29'),
(44, 5, 1, 800.00, 900.00, 100.00, '2025-11-14 06:07:19', NULL, 'pending', '2025-11-13 22:07:19'),
(45, 5, 1, 900.00, 1050.00, 150.00, '2025-11-14 06:15:10', NULL, 'pending', '2025-11-13 22:15:10'),
(46, 5, 1, 1050.00, 1200.00, 150.00, '2025-11-14 06:20:46', NULL, 'pending', '2025-11-13 22:20:46'),
(47, 5, 1, 1200.00, 1300.00, 100.00, '2025-11-14 06:21:29', NULL, 'pending', '2025-11-13 22:21:29'),
(48, 5, 1, 1300.00, 1400.00, 100.00, '2025-11-14 06:23:57', NULL, 'pending', '2025-11-13 22:23:57'),
(49, 5, 1, 1400.00, 1500.00, 100.00, '2025-11-14 06:30:57', NULL, 'pending', '2025-11-13 22:30:57'),
(50, 5, 1, 1500.00, 1600.00, 100.00, '2025-11-14 06:31:19', NULL, 'pending', '2025-11-13 22:31:19'),
(51, 5, 1, 1600.00, 1800.00, 200.00, '2025-11-14 06:41:08', NULL, 'pending', '2025-11-13 22:41:08'),
(52, 5, 1, 1800.00, 1900.00, 100.00, '2025-11-14 07:15:20', NULL, 'pending', '2025-11-13 23:15:20'),
(53, 5, 1, 1900.00, 2000.00, 100.00, '2025-11-14 07:19:33', NULL, 'pending', '2025-11-13 23:19:33'),
(54, 7, 1, 600.00, 700.00, 100.00, '2025-11-14 11:50:39', NULL, 'pending', '2025-11-14 03:50:39'),
(55, 7, 1, 600.00, 800.00, 200.00, '2025-11-14 12:09:52', NULL, 'pending', '2025-11-14 04:09:52'),
(56, 7, 1, 800.00, 900.00, 100.00, '2025-11-14 12:11:45', NULL, 'pending', '2025-11-14 04:11:45'),
(57, 7, 1, 900.00, 1000.00, 100.00, '2025-11-14 12:16:50', NULL, 'pending', '2025-11-14 04:16:50'),
(58, 7, 1, 1000.00, 1050.00, 50.00, '2025-11-14 12:18:38', NULL, 'pending', '2025-11-14 04:18:38'),
(59, 7, 1, 1050.00, 1100.00, 50.00, '2025-11-14 12:20:41', NULL, 'pending', '2025-11-14 04:20:41'),
(60, 7, 1, 1100.00, 1200.00, 100.00, '2025-11-14 12:27:51', NULL, 'pending', '2025-11-14 04:27:51'),
(61, 7, 1, 1200.00, 1230.00, 30.00, '2025-11-14 12:30:05', NULL, 'pending', '2025-11-14 04:30:05'),
(62, 7, 1, 1230.00, 1300.00, 70.00, '2025-11-14 12:43:08', NULL, 'pending', '2025-11-14 04:43:08'),
(63, 7, 1, 1230.00, 1300.00, 70.00, '2025-11-14 12:47:11', NULL, 'pending', '2025-11-14 04:47:11'),
(64, 7, 1, 1300.00, 1350.00, 50.00, '2025-11-14 12:51:16', NULL, 'pending', '2025-11-14 04:51:16'),
(65, 7, 1, 1230.00, 1300.00, 70.00, '2025-11-14 12:52:34', NULL, 'pending', '2025-11-14 04:52:34'),
(66, 7, 1, 600.00, 650.00, 50.00, '2025-11-14 14:21:24', NULL, 'pending', '2025-11-14 06:21:24'),
(67, 7, 1, 650.00, 650.00, 0.00, '2025-11-14 14:23:16', NULL, 'pending', '2025-11-14 06:23:16'),
(68, 7, 1, 650.00, 680.00, 30.00, '2025-11-14 14:29:34', NULL, 'pending', '2025-11-14 06:29:34'),
(69, 7, 1, 680.00, 700.00, 20.00, '2025-11-14 14:30:27', NULL, 'pending', '2025-11-14 06:30:27'),
(70, 7, 1, 1300.00, 1400.00, 100.00, '2025-11-14 14:57:54', NULL, 'pending', '2025-11-14 06:57:54'),
(71, 7, 1, 1400.00, 1500.00, 100.00, '2025-11-14 15:00:15', NULL, 'pending', '2025-11-14 07:00:15'),
(72, 7, 1, 1500.00, 1600.00, 100.00, '2025-11-14 15:02:36', NULL, 'pending', '2025-11-14 07:02:36'),
(73, 7, 1, 1600.00, 1700.00, 100.00, '2025-11-14 15:06:51', NULL, 'pending', '2025-11-14 07:06:51'),
(74, 7, 1, 1700.00, 1800.00, 100.00, '2025-11-14 15:09:34', NULL, 'pending', '2025-11-14 07:09:34'),
(75, 7, 1, 1800.00, 1900.00, 100.00, '2025-11-14 15:42:03', NULL, 'pending', '2025-11-14 07:42:03'),
(76, 7, 1, 1900.00, 2000.00, 100.00, '2025-11-14 15:42:53', NULL, 'pending', '2025-11-14 07:42:53'),
(77, 7, 1, 2000.00, 2100.00, 100.00, '2025-11-14 15:45:43', NULL, 'pending', '2025-11-14 07:45:43'),
(78, 7, 1, 2100.00, 2200.00, 100.00, '2025-11-14 15:47:05', NULL, 'pending', '2025-11-14 07:47:05'),
(79, 7, 1, 2200.00, 2300.00, 100.00, '2025-11-14 15:48:50', NULL, 'pending', '2025-11-14 07:48:50'),
(80, 7, 1, 2800.00, 3000.00, 200.00, '2025-11-14 16:00:21', NULL, 'pending', '2025-11-14 08:00:21'),
(81, 7, 1, 3500.00, 3600.00, 100.00, '2025-11-14 16:27:55', NULL, 'pending', '2025-11-14 08:27:55'),
(82, 6, 1, 750.00, 850.00, 100.00, '2025-11-14 18:00:38', NULL, 'pending', '2025-11-14 10:00:38'),
(83, 6, 1, 850.00, 960.00, 110.00, '2025-11-14 18:02:08', NULL, 'pending', '2025-11-14 10:02:08'),
(84, 6, 1, 960.00, 1050.00, 90.00, '2025-11-14 18:03:55', NULL, 'pending', '2025-11-14 10:03:55'),
(85, 6, 1, 1500.00, 1600.00, 100.00, '2025-11-14 18:17:13', NULL, 'pending', '2025-11-14 10:17:13'),
(86, 6, 1, 1500.00, 1600.00, 100.00, '2025-11-14 18:23:33', NULL, 'pending', '2025-11-14 10:23:33'),
(87, 6, 1, 1500.00, 1600.00, 100.00, '2025-11-14 18:25:14', NULL, 'pending', '2025-11-14 10:25:14'),
(88, 6, 1, 1500.00, 1600.00, 100.00, '2025-11-14 18:28:39', NULL, 'pending', '2025-11-14 10:28:39'),
(89, 6, 1, 1500.00, 1600.00, 100.00, '2025-11-14 18:29:15', NULL, 'pending', '2025-11-14 10:29:15'),
(90, 6, 1, 1500.00, 1600.00, 100.00, '2025-11-14 18:34:46', NULL, 'pending', '2025-11-14 10:34:46'),
(91, 6, 1, 1500.00, 1600.00, 100.00, '2025-11-14 18:40:24', NULL, 'pending', '2025-11-14 10:40:24'),
(92, 6, 1, 1500.00, 1600.00, 100.00, '2025-11-14 18:44:14', NULL, 'pending', '2025-11-14 10:44:14'),
(93, 4, 1, 8870.00, 9000.00, 130.00, '2025-11-14 18:47:01', NULL, 'pending', '2025-11-14 10:47:01'),
(94, 7, 1, 600.00, 700.00, 100.00, '2025-11-14 21:42:53', NULL, 'pending', '2025-11-14 13:42:53'),
(95, 5, 1, 750.00, 800.00, 50.00, '2025-11-14 22:09:27', NULL, 'pending', '2025-11-14 21:09:27'),
(96, 6, 1, 750.00, 890.00, 140.00, '2025-11-15 00:20:10', NULL, 'pending', '2025-11-14 23:20:10'),
(97, 6, 1, 890.00, 1000.00, 110.00, '2025-11-15 00:48:32', NULL, 'pending', '2025-11-14 23:48:32'),
(98, 6, 1, 1000.00, 1500.00, 500.00, '2025-11-15 00:55:38', NULL, 'pending', '2025-11-14 23:55:38'),
(99, 7, 1, 600.00, 650.00, 50.00, '2025-11-15 07:25:10', NULL, 'pending', '2025-11-15 06:25:10'),
(100, 4, 1, 8870.00, 8875.00, 5.00, '2025-11-15 07:26:43', NULL, 'pending', '2025-11-15 06:26:43'),
(101, 5, 1, 750.00, 850.00, 100.00, '2025-11-15 07:30:21', NULL, 'pending', '2025-11-15 06:30:21'),
(102, 6, 1, 750.00, 755.00, 5.00, '2025-11-15 07:31:13', NULL, 'pending', '2025-11-15 06:31:13'),
(103, 7, 1, 600.00, 900.00, 300.00, '2025-11-15 07:31:59', NULL, 'pending', '2025-11-15 06:31:59'),
(104, 6, 1, 750.00, 800.00, 50.00, '2025-11-15 07:32:41', NULL, 'pending', '2025-11-15 06:32:41'),
(105, 6, 1, 750.00, 850.00, 100.00, '2025-11-15 09:35:02', NULL, 'pending', '2025-11-15 08:35:02');

-- --------------------------------------------------------

--
-- Table structure for table `pending_readings`
--

CREATE TABLE `pending_readings` (
  `id` int(11) NOT NULL,
  `consumer_id` int(11) NOT NULL,
  `reader_id` int(11) NOT NULL,
  `previous_reading` decimal(10,2) NOT NULL,
  `current_reading` decimal(10,2) NOT NULL,
  `total_amount` decimal(10,2) DEFAULT NULL,
  `consumption` decimal(10,2) DEFAULT NULL,
  `date_created` datetime DEFAULT current_timestamp()
) ENGINE=InnoDB DEFAULT CHARSET=utf8mb4 COLLATE=utf8mb4_general_ci;

-- --------------------------------------------------------

--
-- Table structure for table `utilityreader`
--

CREATE TABLE `utilityreader` (
  `ReaderID` int(11) NOT NULL,
  `FirstName` varchar(50) NOT NULL,
  `LastName` varchar(50) NOT NULL,
  `Username` varchar(50) NOT NULL,
  `Email` varchar(100) NOT NULL,
  `ContactNumber` varchar(20) NOT NULL,
  `Password` varchar(255) NOT NULL,
  `AuthToken` varchar(255) DEFAULT NULL,
  `Area` varchar(100) DEFAULT NULL,
  `Status` enum('active','inactive') DEFAULT 'active',
  `CreatedAt` timestamp NOT NULL DEFAULT current_timestamp()
) ENGINE=InnoDB DEFAULT CHARSET=utf8mb4 COLLATE=utf8mb4_general_ci;

--
-- Dumping data for table `utilityreader`
--

INSERT INTO `utilityreader` (`ReaderID`, `FirstName`, `LastName`, `Username`, `Email`, `ContactNumber`, `Password`, `AuthToken`, `Area`, `Status`, `CreatedAt`) VALUES
(1, 'lucas', 'vesquiza', 'lucas', 'lucasvesquiza@gmail.com', '09975821123', '$2y$10$rvCY8zS.0N78zjro2L4/menprypLIfcfYn0x8S.XlZyx9nENUOh4y', NULL, 'luinab', 'active', '2025-10-19 13:50:31'),
(2, 'john', 'doe', 'johndoe', 'john@example.com', '09978907654', '$2y$10$hqUN/zdra.Juj/y1HLVYV.Lykb4iGoCgGNbx/dEUu5cx9OgAaBCMG', '3fb9103055047270caf143766fc66c5ec99b1d60e9979532cbdcb920ebcbf159', 'palao', 'active', '2025-10-19 16:54:15');

--
-- Indexes for dumped tables
--

--
-- Indexes for table `admin`
--
ALTER TABLE `admin`
  ADD PRIMARY KEY (`AdminID`),
  ADD UNIQUE KEY `Email` (`Email`);

--
-- Indexes for table `adminlogs`
--
ALTER TABLE `adminlogs`
  ADD PRIMARY KEY (`LogID`),
  ADD KEY `AdminID` (`AdminID`);

--
-- Indexes for table `billingstatement`
--
ALTER TABLE `billingstatement`
  ADD PRIMARY KEY (`BillingID`),
  ADD KEY `MeterID` (`MeterID`);

--
-- Indexes for table `consumer`
--
ALTER TABLE `consumer`
  ADD PRIMARY KEY (`ConsumerID`),
  ADD UNIQUE KEY `Email` (`Email`);

--
-- Indexes for table `meter`
--
ALTER TABLE `meter`
  ADD PRIMARY KEY (`MeterID`),
  ADD KEY `ConsumerID` (`ConsumerID`);

--
-- Indexes for table `meterreadingdata`
--
ALTER TABLE `meterreadingdata`
  ADD PRIMARY KEY (`ReadingID`),
  ADD KEY `MeterID` (`MeterID`),
  ADD KEY `ReaderID` (`ReaderID`);

--
-- Indexes for table `pending_readings`
--
ALTER TABLE `pending_readings`
  ADD PRIMARY KEY (`id`);

--
-- Indexes for table `utilityreader`
--
ALTER TABLE `utilityreader`
  ADD PRIMARY KEY (`ReaderID`),
  ADD UNIQUE KEY `Username` (`Username`),
  ADD UNIQUE KEY `Email` (`Email`),
  ADD KEY `idx_authtoken` (`AuthToken`);

--
-- AUTO_INCREMENT for dumped tables
--

--
-- AUTO_INCREMENT for table `admin`
--
ALTER TABLE `admin`
  MODIFY `AdminID` int(11) NOT NULL AUTO_INCREMENT, AUTO_INCREMENT=2;

--
-- AUTO_INCREMENT for table `adminlogs`
--
ALTER TABLE `adminlogs`
  MODIFY `LogID` int(11) NOT NULL AUTO_INCREMENT, AUTO_INCREMENT=36;

--
-- AUTO_INCREMENT for table `billingstatement`
--
ALTER TABLE `billingstatement`
  MODIFY `BillingID` int(11) NOT NULL AUTO_INCREMENT, AUTO_INCREMENT=93;

--
-- AUTO_INCREMENT for table `consumer`
--
ALTER TABLE `consumer`
  MODIFY `ConsumerID` int(11) NOT NULL AUTO_INCREMENT, AUTO_INCREMENT=20;

--
-- AUTO_INCREMENT for table `meter`
--
ALTER TABLE `meter`
  MODIFY `MeterID` int(11) NOT NULL AUTO_INCREMENT, AUTO_INCREMENT=8;

--
-- AUTO_INCREMENT for table `meterreadingdata`
--
ALTER TABLE `meterreadingdata`
  MODIFY `ReadingID` int(11) NOT NULL AUTO_INCREMENT, AUTO_INCREMENT=106;

--
-- AUTO_INCREMENT for table `pending_readings`
--
ALTER TABLE `pending_readings`
  MODIFY `id` int(11) NOT NULL AUTO_INCREMENT, AUTO_INCREMENT=2;

--
-- AUTO_INCREMENT for table `utilityreader`
--
ALTER TABLE `utilityreader`
  MODIFY `ReaderID` int(11) NOT NULL AUTO_INCREMENT, AUTO_INCREMENT=3;

--
-- Constraints for dumped tables
--

--
-- Constraints for table `adminlogs`
--
ALTER TABLE `adminlogs`
  ADD CONSTRAINT `adminlogs_ibfk_1` FOREIGN KEY (`AdminID`) REFERENCES `admin` (`AdminID`) ON DELETE SET NULL;

--
-- Constraints for table `billingstatement`
--
ALTER TABLE `billingstatement`
  ADD CONSTRAINT `billingstatement_ibfk_1` FOREIGN KEY (`MeterID`) REFERENCES `meter` (`MeterID`) ON DELETE CASCADE;

--
-- Constraints for table `meter`
--
ALTER TABLE `meter`
  ADD CONSTRAINT `meter_ibfk_1` FOREIGN KEY (`ConsumerID`) REFERENCES `consumer` (`ConsumerID`) ON DELETE SET NULL;

--
-- Constraints for table `meterreadingdata`
--
ALTER TABLE `meterreadingdata`
  ADD CONSTRAINT `meterreadingdata_ibfk_1` FOREIGN KEY (`MeterID`) REFERENCES `meter` (`MeterID`) ON DELETE CASCADE,
  ADD CONSTRAINT `meterreadingdata_ibfk_2` FOREIGN KEY (`ReaderID`) REFERENCES `utilityreader` (`ReaderID`) ON DELETE CASCADE;
COMMIT;

/*!40101 SET CHARACTER_SET_CLIENT=@OLD_CHARACTER_SET_CLIENT */;
/*!40101 SET CHARACTER_SET_RESULTS=@OLD_CHARACTER_SET_RESULTS */;
/*!40101 SET COLLATION_CONNECTION=@OLD_COLLATION_CONNECTION */;
